<?xml version="1.0" encoding="UTF-8"?>
<project-private xmlns="http://www.netbeans.org/ns/project-private/1">
    <data xmlns="http://www.netbeans.org/ns/make-project-private/1">
        <activeConfTypeElem>1</activeConfTypeElem>
        <activeConfIndexElem>0</activeConfIndexElem>
    </data>
    <editor-bookmarks xmlns="http://www.netbeans.org/ns/editor-bookmarks/2" lastBookmarkId="0"/>
    <open-files xmlns="http://www.netbeans.org/ns/projectui-open-files/2">
        <group>
            <file>file:/C:/Users/UtotingPuwet/Desktop/GitHub/CSC17C/Lab/Abstraction,%20Operator%20Overloading,%20Copy%20Construction%20and%20Polymorphism/main.cpp</file>
            <file>file:/C:/Users/UtotingPuwet/Desktop/GitHub/CSC17C/Lab/Abstraction,%20Operator%20Overloading,%20Copy%20Construction%20and%20Polymorphism/PlusTab.cpp</file>
        </group>
    </open-files>
</project-private>
